issue_id,owner,columns,issue,rows_affected,pct_rows,n_columns,severity,proposed_fix
DQ-01,Rhea,brand,"Inconsistent naming: 73 raw values mix spelling variants of the same company, company+drug compounds and channel tags (_MEDSCAPE, _MDALERT, _ZS, _BA, _EA).",183,43.9,1,High,"Map every raw value to three clean columns: company (standardized name), product (drug name if present) and channel_tag. Keep brand_raw for auditing. Group companies with fewer than 5 rows as OTHER when encoding."
DQ-02,Rhea,sub_product_name,"No nulls and consistent casing, but two categories are singletons (CONDITION MESSAGE, DIRECT MAIL), which cannot be learned reliably.",2,0.5,1,Low,Keep values as is. Group categories with fewer than 5 rows into 'OTHER' only in the encoded modeling file.
DQ-03,Rhea,"country, pillar","Part of a 56-row block where country and pillar are missing together with Emma's targeting fields (mostly EMAIL ALERT). Missingness is structural, not random.",56,13.4,2,High,Fill with an explicit 'unknown' category and add a targeting_info_missing flag so models can learn from the pattern.
DQ-04,Rhea,country,"56 nulls (13.4%). Values are lowercase ISO-3 codes (usa, zaf, vgb, vir...) with no readable names.",56,13.4,1,Medium,"Fill nulls with 'UNKNOWN', convert codes to uppercase ISO-3 and add a country_name column."
DQ-05,Rhea,country,"Sparse categories: vnm and ind (3 rows each), zmb (4) and zwe (5) are too small to model on their own.",15,3.6,1,Low,Group countries with fewer than 10 rows into 'OTHER' in the encoded file.
DQ-06,Rhea,pillar,56 nulls (same rows as the missing country block). 'other' has only 2 rows.,58,13.9,1,Medium,Fill nulls with 'unknown'. Keep 'other' as is and let it fall into the rare bucket during encoding.
DQ-07,Emma,"media_type, profession, specialty","Part of the same 56-row block: media_type, profession and specialty are missing on the same rows as country and pillar. Missingness is structural, not random.",56,13.4,3,High,Fill with an explicit 'unknown' category. Covered by the same targeting_info_missing flag.
DQ-08,Emma,media_type,"80 nulls: 56 from the missing block plus 24 more on LILLY, MERCK and NOVARTIS rows that otherwise have full targeting data.",80,19.2,1,Medium,"Fill with 'unknown' and lowercase values (editorial_videos, sponsored_videos)."
DQ-09,Emma,profession,"Mixed data types: numeric codes (8, 99, 10-23) sit in the same column as text labels (psychologist, physician assistant, physician). Codes have no lookup table.",296,71.0,1,High,"Treat every value as a category label (code_8, code_99, psychologist...). Codes are nominal, not ordinal, so they must never be used as numbers. Ask WebMD for the code dictionary."
DQ-10,Emma,profession,56 nulls (all inside the 56-row block).,56,13.4,1,Medium,Fill with 'unknown'.
DQ-11,Emma,"profession, specialty",Implausible pairings: psychologist paired with urology specialty.,36,8.6,2,Low,Keep the rows but note the pairing to WebMD. Do not build features that depend on profession x specialty combinations.
DQ-12,Emma,specialty,"'undefined' is a hidden null. Together with real nulls, 84% of rows carry no specialty information.",352,84.4,1,High,Convert 'undefined' and nulls to 'unknown' and add a has_specialty flag. Use npi_specialty (100% filled) as the main specialty feature.
DQ-13,Emma,specialty,"Mixed types again: numeric codes (32, 35, 45, 59, 70, 77) alongside text.",11,2.6,1,Medium,"Store as string labels (code_77 etc.), never as numbers."
DQ-14,Emma,campaign_start_date,Dates are stored as text with a ' UTC' suffix instead of a datetime type. 3 rows are null.,3,0.7,1,Medium,"Parse to datetime. Impute the 3 nulls with the median start date for the same company and add a start_date_imputed flag. Derive start_year, start_quarter, start_month and campaign_age_days."
DQ-15,Emma,campaign_end_date,"414 rows (99.3%) use the placeholder 2099-12-31 23:59:59, and the other 3 are null. There is no real end date anywhere, so duration cannot be computed.",417,100.0,1,High,Drop the column. It carries no information (it is effectively constant). Use start-date features instead.
DQ-16,Abhiram,"unique_reach, unique_engaged_hcps, total_engagements, total_budget_spent",Strong right skew (skew 3.3 to 5.8) with 55 IQR outliers in the worst column. A handful of very large campaigns dominate.,88,21.1,4,Medium,"Keep the rows (they are real campaigns, not errors). Add log1p versions of each column for modeling."
DQ-17,Abhiram,total_engagements,"Milestone plan expected this column to be 100% null, but in this file it has 0 nulls and passes all consistency checks.",0,0.0,1,Info,No drop needed. Confirm the file version with our coach so the team is aligned.
DQ-18,Abhiram,total_budget_spent,Budget does not match cpe x engagements: 2 rows have $0 budget and 5 more have near-zero budgets (under $300) for hundreds of engagements.,7,1.7,1,Medium,Keep the rows but add a budget_anomaly flag so they can be excluded from cost-efficiency analysis.
DQ-19,Abhiram,"total_budget_spent, total_engagements","Leakage for the CPE target: cpe = total_budget_spent / total_engagements, so a model given both columns can calculate CPE directly. For the total_spend target they are fair inputs (budget is planned before the campaign and is the strongest single predictor of spend, log correlation 0.84).",417,100.0,2,High,"Use both as features for total_spend. When predicting CPE, leave out total_budget_spent (and its log) so the model cannot rebuild the answer."
DQ-20,Abhiram,engagement_rate,Checked against unique_engaged_hcps / unique_reach: 0 mismatches. No issue.,0,0.0,1,Info,No action.
DQ-21,Bakari,"engagement_frequency, pre_NRx, pre_avg_NRx",No nulls. engagement_frequency matches its formula. pre_avg_NRx = pre_NRx / n_periods with a consistent divisor. Moderate skew only.,0,0.0,3,Info,No cleaning needed. Optionally add n_periods = pre_NRx / pre_avg_NRx as a feature.
DQ-22,Bakari,post_NRx,"Measured after the campaign, so it is not known when H2 budgets are being planned. Using it as an input would give the model information it will not have in practice.",417,100.0,1,Medium,"Keep in cleaned_df for EDA and the prescription-lift story, but exclude from the feature sets for total_spend and CPE."
DQ-23,Timothy,post_avg_NRx,"Post-campaign value (post_NRx / n_periods). Not known at planning time, same as post_NRx.",417,100.0,1,Medium,"Keep for EDA, exclude from the feature sets for total_spend and CPE."
DQ-24,Timothy,pre_NRx_avg,"Two columns with almost the same name hold different values (correlation 0.78). pre_avg_NRx follows a clear formula; pre_NRx_avg does not, and its definition is undocumented.",417,100.0,1,Medium,"Keep both for now, flag for WebMD to define pre_NRx_avg. Avoid putting both in the same model until the meaning is confirmed."
DQ-25,Timothy,npi_specialty,One value uses a different format with a numeric code: '3320 - Anesthesiologists'. All other values are plain specialty names.,1,0.2,1,Low,Rename to 'Anesthesiology' to match the rest of the column.
DQ-26,Timothy,region,"Mixed taxonomies: US Census divisions (South Atlantic, Mid-Atlantic, Mountain, West South Central) sit next to informal regions (Southeast, Southwest, West, Midwest) that overlap them. 'West South Central' is a singleton.",1,0.2,1,Low,"Map 'West South Central' to 'Southwest' (its largest state is Texas). Keep the other labels, and note the overlap for WebMD."
DQ-27,Timothy,region,"US regions are assigned to non-US countries (South Africa, India, Vietnam, Zambia, Zimbabwe, Virgin Islands). Region likely describes the HCP audience, not the country, but this is unconfirmed.",160,38.4,1,Medium,Keep both columns and add a region_country_mismatch flag. Ask WebMD what region represents.
DQ-28,Timothy,NRx_lift,Rounding differences of +/-0.01 against post_NRx - pre_NRx. No real error.,106,25.4,1,Info,"No action. Use the provided NRx_lift column as is for EDA. It is post-campaign, so it stays out of the feature sets."
DQ-29,Nida,NRx_lift_pct,Matches NRx_lift / pre_NRx exactly. 4 rows differ slightly from (post-pre)/pre because of the rounding in NRx_lift.,4,1.0,1,Info,"No action. Post-campaign, so keep for EDA and the business story but out of the feature sets."
DQ-30,Nida,cpe,"93 nulls (22.3%). cpe is fixed per product (BRAND ALERT 39, EMAIL ALERT 3, BRANDSPOT 68) and missing for every other product. Budget / engagements shows the true value is 39 for 92 of the 93 rows.",93,22.3,1,High,Impute cpe = total_budget_spent / total_engagements (rounded to 2 decimals) and add a cpe_imputed flag.
DQ-31,Nida,cpe,"As a target, known cpe is a fixed rate per product, so sub_product_name predicts it perfectly. The overview asks for meta_mapped_cpe, which is not in this file.",324,77.7,1,High,"Confirm with the Challenge Advisor whether cpe is the intended CPE target or whether meta_mapped_cpe will be provided. Until then, treat total_spend as the main target."
DQ-32,Nida,total_spend,"3 nulls in the primary target (the same 3 rows missing campaign dates). Rebuilding them from actual_spend_per_engagement x total_engagements gives exactly the column median, so the source had already median-filled them. Their true spend is unknown.",3,0.7,1,High,"Fill with the rebuilt value so the file has no blanks, add a total_spend_imputed flag, and exclude these 3 rows from training and evaluation when total_spend is the target."
DQ-33,Nida,total_spend,"8 rows have total_spend under 1,000, including 2 at exactly 0. MAPE is undefined at 0 and explodes near 0, which would distort the headline metric.",8,1.9,1,High,Add a spend_near_zero flag. Exclude these rows when calculating MAPE (report how many were excluded) and model log1p(total_spend) to handle the wide range.
DQ-34,Nida,total_spend,"Extreme range (0 to about 39 billion, skew 6.0). total_spend is also a median of about 1,800x total_budget_spent, so the two columns measure different things. The overview confirms spend runs from near zero to billions, but the difference from budget is not documented.",414,99.3,1,Medium,Model the log of total_spend and convert predictions back for MAPE. Ask WebMD how total_spend differs from total_budget_spent.
DQ-35,Nida,"actual_spend_per_engagement, spend_per_NRx_lift","Leakage for the primary target: actual_spend_per_engagement = total_spend / total_engagements and spend_per_NRx_lift = total_spend / NRx_lift. Either one lets a model rebuild total_spend almost exactly. (Separately, 2 rows are off from the formula only through rounding, and 2 are zero.)",417,100.0,2,High,"Keep in cleaned_df for EDA, but never use these columns (or their logs) as features for total_spend or CPE."
